--   ─────▀▄▀─────▄─────▄
--   ──▄███████▄──▀██▄██▀
--   ▄█████▀█████▄──▄█
--   ███████▀████████▀
--   ─▄▄▄▄▄▄███████▀

-- Data for users table (40 rows)
INSERT INTO users (user_id, username, password, email, first_name, last_name, phone_number, birth_date, gender, nationality, province, municipality, sector, street_address, reference_points, profile_picture_url, active, created_at, updated_at, system_role) VALUES
(1, 'john.doe', 'hashed_password_1', 'john.doe@example.com', 'John', 'Doe', '111-222-3333', '1985-01-15', 'MALE', 'Dominican', 'Santo Domingo', 'Distrito Nacional', 'Naco', 'Calle Principal 123', 'Near the park', NULL, TRUE, NOW(), NOW(), 'USER'),
(2, 'jane.smith', 'hashed_password_2', 'jane.smith@example.com', 'Jane', 'Smith', '444-555-6666', '1990-03-20', 'FEMALE', 'Dominican', 'Santiago', 'Santiago de los Caballeros', 'Centro', 'Avenida Central 456', 'Next to the bank', NULL, TRUE, NOW(), NOW(), 'USER'),
(3, 'peter.jones', 'hashed_password_3', 'peter.jones@example.com', 'Peter', 'Jones', '777-888-9999', '1978-07-01', 'MALE', 'Dominican', 'La Vega', 'Concepcion de La Vega', 'La Esmeralda', 'Callejon Sin Nombre 789', 'Behind the church', NULL, TRUE, NOW(), NOW(), 'USER'),
(4, 'mary.brown', 'hashed_password_4', 'mary.brown@example.com', 'Mary', 'Brown', '000-111-2222', '1995-11-10', 'FEMALE', 'Dominican', 'Puerto Plata', 'San Felipe de Puerto Plata', 'Costambar', 'Carretera Principal 101', 'Near the beach', NULL, TRUE, NOW(), NOW(), 'USER'),
(5, 'david.wilson', 'hashed_password_5', 'david.wilson@example.com', 'David', 'Wilson', '333-444-5555', '1982-02-28', 'MALE', 'Dominican', 'San Cristobal', 'San Cristobal', 'Pueblo Nuevo', 'Callejon de la Paz 202', 'Near the school', NULL, TRUE, NOW(), NOW(), 'USER'),
(6, 'susan.davis', 'hashed_password_6', 'susan.davis@example.com', 'Susan', 'Davis', '666-777-8888', '1998-09-05', 'FEMALE', 'Dominican', 'La Romana', 'La Romana', 'Villa Hermosa', 'Avenida del Sol 303', 'In front of the market', NULL, TRUE, NOW(), NOW(), 'USER'),
(7, 'robert.miller', 'hashed_password_7', 'robert.miller@example.com', 'Robert', 'Miller', '999-000-1111', '1975-04-12', 'MALE', 'Dominican', 'Duarte', 'San Francisco de Macoris', 'Los Rieles', 'Callejon de la Luna 404', 'Next to the river', NULL, TRUE, NOW(), NOW(), 'USER'),
(8, 'linda.garcia', 'hashed_password_8', 'linda.garcia@example.com', 'Linda', 'Garcia', '222-333-4444', '1988-06-18', 'FEMALE', 'Dominican', 'Espaillat', 'Moca', 'Salitre', 'Carretera Vieja 505', 'Near the farm', NULL, TRUE, NOW(), NOW(), 'USER'),
(9, 'william.rodriguez', 'hashed_password_9', 'william.rodriguez@example.com', 'William', 'Rodriguez', '555-666-7777', '1993-10-25', 'MALE', 'Dominican', 'Peravia', 'Bani', 'El Fundo', 'Calle Principal 606', 'Near the church', NULL, TRUE, NOW(), NOW(), 'USER'),
(10, 'patricia.martinez', 'hashed_password_10', 'patricia.martinez@example.com', 'Patricia', 'Martinez', '888-999-0000', '1980-12-30', 'FEMALE', 'Dominican', 'Azua', 'Azua de Compostela', 'La Bombita', 'Avenida Central 707', 'Next to the school', NULL, TRUE, NOW(), NOW(), 'USER'),
(11, 'james.hernandez', 'hashed_password_11', 'james.hernandez@example.com', 'James', 'Hernandez', '111-111-1111', '1987-01-01', 'MALE', 'Dominican', 'Barahona', 'Santa Cruz de Barahona', 'Villa Central', 'Callejon Sin Nombre 808', 'Behind the hospital', NULL, TRUE, NOW(), NOW(), 'USER'),
(12, 'elizabeth.lopez', 'hashed_password_12', 'elizabeth.lopez@example.com', 'Elizabeth', 'Lopez', '222-222-2222', '1992-02-02', 'FEMALE', 'Dominican', 'Monte Cristi', 'San Fernando de Monte Cristi', 'Las Matas', 'Carretera Principal 909', 'Near the river', NULL, TRUE, NOW(), NOW(), 'USER'),
(13, 'charles.gonzalez', 'hashed_password_13', 'charles.gonzalez@example.com', 'Charles', 'Gonzalez', '333-333-3333', '1979-03-03', 'MALE', 'Dominican', 'Samaná', 'Santa Barbara de Samana', 'El Catey', 'Avenida del Sol 1010', 'In front of the hotel', NULL, TRUE, NOW(), NOW(), 'USER'),
(14, 'nancy.perez', 'hashed_password_14', 'nancy.perez@example.com', 'Nancy', 'Perez', '444-444-4444', '1996-04-04', 'FEMALE', 'Dominican', 'San Juan', 'San Juan de la Maguana', 'Hato Nuevo', 'Callejon de la Paz 1111', 'Near the church', NULL, TRUE, NOW(), NOW(), 'USER'),
(15, 'thomas.sanchez', 'hashed_password_15', 'thomas.sanchez@example.com', 'Thomas', 'Sanchez', '555-555-5555', '1983-05-05', 'MALE', 'Dominican', 'Valverde', 'Mao', 'Esperanza', 'Calle Principal 1212', 'Next to the park', NULL, TRUE, NOW(), NOW(), 'USER'),
(16, 'margaret.ramirez', 'hashed_password_16', 'margaret.ramirez@example.com', 'Margaret', 'Ramirez', '666-666-6666', '1991-06-06', 'FEMALE', 'Dominican', 'Hermanas Mirabal', 'Salcedo', 'Tenares', 'Avenida Central 1313', 'Behind the school', NULL, TRUE, NOW(), NOW(), 'USER'),
(17, 'daniel.cruz', 'hashed_password_17', 'daniel.cruz@example.com', 'Daniel', 'Cruz', '777-777-7777', '1976-07-07', 'MALE', 'Dominican', 'Monte Plata', 'Monte Plata', 'Bayaguana', 'Callejon Sin Nombre 1414', 'Near the river', NULL, TRUE, NOW(), NOW(), 'USER'),
(18, 'dorothy.morales', 'hashed_password_18', 'dorothy.morales@example.com', 'Dorothy', 'Morales', '888-888-8888', '1994-08-08', 'FEMALE', 'Dominican', 'Hato Mayor', 'Hato Mayor del Rey', 'Sabana de la Mar', 'Carretera Principal 1515', 'Near the farm', NULL, TRUE, NOW(), NOW(), 'USER'),
(19, 'paul.gomez', 'hashed_password_19', 'paul.gomez@example.com', 'Paul', 'Gomez', '999-999-9999', '1981-09-09', 'MALE', 'Dominican', 'El Seibo', 'Santa Cruz de El Seibo', 'Miches', 'Avenida del Sol 1616', 'In front of the market', NULL, TRUE, NOW(), NOW(), 'USER'),
(20, 'sandra.diaz', 'hashed_password_20', 'sandra.diaz@example.com', 'Sandra', 'Diaz', '000-000-0000', '1989-10-10', 'FEMALE', 'Dominican', 'Independencia', 'Jimaní', 'Duverge', 'Callejon de la Luna 1717', 'Next to the bank', NULL, TRUE, NOW(), NOW(), 'USER'),
(21, 'mark.alvarez', 'hashed_password_21', 'mark.alvarez@example.com', 'Mark', 'Alvarez', '123-456-7890', '1984-11-11', 'MALE', 'Dominican', 'Dajabón', 'Dajabon', 'Loma de Cabrera', 'Calle Principal 1818', 'Near the park', NULL, TRUE, NOW(), NOW(), 'USER'),
(22, 'sharon.ruiz', 'hashed_password_22', 'sharon.ruiz@example.com', 'Sharon', 'Ruiz', '987-654-3210', '1997-12-12', 'FEMALE', 'Dominican', 'Baoruco', 'Neiba', 'Tamayo', 'Avenida Central 1919', 'Next to the school', NULL, TRUE, NOW(), NOW(), 'USER'),
(23, 'george.torres', 'hashed_password_23', 'george.torres@example.com', 'George', 'Torres', '112-233-4455', '1977-01-13', 'MALE', 'Dominican', 'Elías Piña', 'Comendador', 'Bánica', 'Callejon Sin Nombre 2020', 'Behind the church', NULL, TRUE, NOW(), NOW(), 'USER'),
(24, 'betty.flores', 'hashed_password_24', 'betty.flores@example.com', 'Betty', 'Flores', '556-677-8899', '1990-02-14', 'FEMALE', 'Dominican', 'San José de Ocoa', 'San Jose de Ocoa', 'Rancho Arriba', 'Carretera Principal 2121', 'Near the river', NULL, TRUE, NOW(), NOW(), 'USER'),
(25, 'kenneth.rivera', 'hashed_password_25', 'kenneth.rivera@example.com', 'Kenneth', 'Rivera', '667-788-9900', '1986-03-15', 'MALE', 'Dominican', 'Monseñor Nouel', 'Bonao', 'Piedra Blanca', 'Avenida del Sol 2222', 'In front of the market', NULL, TRUE, NOW(), NOW(), 'USER'),
(26, 'helen.guzman', 'hashed_password_26', 'helen.guzman@example.com', 'Helen', 'Guzman', '778-899-0011', '1999-04-16', 'FEMALE', 'Dominican', 'Hermanas Mirabal', 'Salcedo', 'Villa Tapia', 'Callejon de la Luna 2323', 'Next to the bank', NULL, TRUE, NOW(), NOW(), 'USER'),
(27, 'steven.pena', 'hashed_password_27', 'steven.pena@example.com', 'Steven', 'Pena', '889-900-1122', '1974-05-17', 'MALE', 'Dominican', 'María Trinidad Sánchez', 'Nagua', 'Cabrera', 'Calle Principal 2424', 'Near the park', NULL, TRUE, NOW(), NOW(), 'USER'),
(28, 'kimberly.castro', 'hashed_password_28', 'kimberly.castro@example.com', 'Kimberly', 'Castro', '990-011-2233', '1992-06-18', 'FEMALE', 'Dominican', 'Sánchez Ramírez', 'Cotuí', 'Fantino', 'Avenida Central 2525', 'Next to the school', NULL, TRUE, NOW(), NOW(), 'USER'),
(29, 'edward.rojas', 'hashed_password_29', 'edward.rojas@example.com', 'Edward', 'Rojas', '001-122-3344', '1980-07-19', 'MALE', 'Dominican', 'San Pedro de Macorís', 'San Pedro de Macoris', 'Consuelo', 'Callejon Sin Nombre 2626', 'Behind the church', NULL, TRUE, NOW(), NOW(), 'USER'),
(30, 'donna.soto', 'hashed_password_30', 'donna.soto@example.com', 'Donna', 'Soto', '112-233-4455', '1987-08-20', 'FEMALE', 'Dominican', 'Santiago Rodríguez', 'San Ignacio de Sabaneta', 'Moncion', 'Carretera Principal 2727', 'Near the river', NULL, TRUE, NOW(), NOW(), 'USER'),
(31, 'joseph.vargas', 'hashed_password_31', 'joseph.vargas@example.com', 'Joseph', 'Vargas', '223-344-5566', '1985-09-21', 'MALE', 'Dominican', 'Santo Domingo', 'Santo Domingo Norte', 'Villa Mella', 'Avenida del Sol 2828', 'In front of the hotel', NULL, TRUE, NOW(), NOW(), 'USER'),
(32, 'michelle.reyes', 'hashed_password_32', 'michelle.reyes@example.com', 'Michelle', 'Reyes', '334-455-6677', '1993-10-22', 'FEMALE', 'Dominican', 'Santo Domingo', 'Santo Domingo Oeste', 'Manoguayabo', 'Callejon de la Paz 2929', 'Near the church', NULL, TRUE, NOW(), NOW(), 'USER'),
(33, 'ryan.mendez', 'hashed_password_33', 'ryan.mendez@example.com', 'Ryan', 'Mendez', '445-566-7788', '1978-11-23', 'MALE', 'Dominican', 'Santo Domingo', 'Santo Domingo Este', 'Los Mina', 'Calle Principal 3030', 'Next to the park', NULL, TRUE, NOW(), NOW(), 'USER'),
(34, 'jessica.nuñez', 'hashed_password_34', 'jessica.nuñez@example.com', 'Jessica', 'Nuñez', '556-677-8899', '1996-12-24', 'FEMALE', 'Dominican', 'Santo Domingo', 'Boca Chica', 'Andres', 'Avenida Central 3131', 'Behind the school', NULL, TRUE, NOW(), NOW(), 'USER'),
(35, 'gary.guerrero', 'hashed_password_35', 'gary.guerrero@example.com', 'Gary', 'Guerrero', '667-788-9900', '1982-01-25', 'MALE', 'Dominican', 'Santo Domingo', 'Pedro Brand', 'La Cuaba', 'Callejon Sin Nombre 3232', 'Near the river', NULL, TRUE, NOW(), NOW(), 'USER'),
(36, 'cynthia.santana', 'hashed_password_36', 'cynthia.santana@example.com', 'Cynthia', 'Santana', '778-899-0011', '1990-02-26', 'FEMALE', 'Dominican', 'Santo Domingo', 'San Antonio de Guerra', 'Hato Viejo', 'Carretera Principal 3333', 'Near the farm', NULL, TRUE, NOW(), NOW(), 'USER'),
(37, 'larry.castillo', 'hashed_password_37', 'larry.castillo@example.com', 'Larry', 'Castillo', '889-900-1122', '1975-03-27', 'MALE', 'Dominican', 'Santo Domingo', 'Los Alcarrizos', 'Pantoja', 'Avenida del Sol 3434', 'In front of the market', NULL, TRUE, NOW(), NOW(), 'USER'),
(38, 'angela.herrera', 'hashed_password_38', 'angela.herrera@example.com', 'Angela', 'Herrera', '990-011-2233', '1998-04-28', 'FEMALE', 'Dominican', 'Santo Domingo', 'Santo Domingo Este', 'San Isidro', 'Callejon de la Luna 3535', 'Next to the bank', NULL, TRUE, NOW(), NOW(), 'USER'),
(39, 'frank.dominguez', 'hashed_password_39', 'frank.dominguez@example.com', 'Frank', 'Dominguez', '001-122-3344', '1981-05-29', 'MALE', 'Dominican', 'Santo Domingo', 'Santo Domingo Norte', 'Sabana Perdida', 'Calle Principal 3636', 'Near the park', NULL, TRUE, NOW(), NOW(), 'USER'),
(40, 'brenda.vasquez', 'hashed_password_40', 'brenda.vasquez@example.com', 'Brenda', 'Vasquez', '112-233-4455', '1989-06-30', 'FEMALE', 'Dominican', 'Santo Domingo', 'Santo Domingo Oeste', 'Palmarejo', 'Avenida Central 3737', 'Next to the school', NULL, TRUE, NOW(), NOW(), 'USER');

-- Data for employee table (5 rows)
INSERT INTO employee (employee_id, employee_role, salary, hire_date, available, work_schedule, emergency_contact_name, emergency_contact_phone) VALUES
(1, 'VETERINARIAN', 80000.00, '2022-01-15', TRUE, 'Mon-Fri 9-5', 'Jane Doe', '111-222-3333'),
(2, 'VETERINARIAN', 75000.00, '2023-03-01', TRUE, 'Mon-Sat 8-4', 'John Smith', '444-555-6666'),
(3, 'RECEPTIONIST', 40000.00, '2023-06-20', TRUE, 'Mon-Fri 8-5', 'Peter Jones', '777-888-9999'),
(4, 'VETERINARIAN', 78000.00, '2022-10-01', TRUE, 'Tue-Sat 9-5', 'Alice Brown', '000-111-2222'),
(5, 'RECEPTIONIST', 42000.00, '2024-01-10', TRUE, 'Mon-Fri 9-6', 'Bob White', '333-444-5555');

-- Data for client table (40 rows, matching user_id)
INSERT INTO client (client_id, cedula, passport, rnc, company_name, preferred_contact_method, emergency_contact_name, emergency_contact_number, rating, credit_limit, current_balance, payment_terms_days, notes, reference_source, verified) VALUES
(1, '12345678901', NULL, NULL, NULL, 'Email', 'Emergency Contact 1', '111-222-3333', 'A', 1000.00, 0.00, 30, 'Regular client', 'Referral', TRUE),
(2, '83456789012', NULL, NULL, NULL, 'Phone', 'Emergency Contact 2', '444-555-6666', 'B', 500.00, 50.00, 15, 'New client', 'Web Search', TRUE),
(3, '34567890123', NULL, NULL, NULL, 'Email', 'Emergency Contact 3', '777-888-9999', 'A', 1200.00, 0.00, 30, 'Prefers morning appointments', 'Friend', TRUE),
(4, '45678901234', NULL, NULL, NULL, 'Phone', 'Emergency Contact 4', '000-111-2222', 'C', 300.00, 100.00, 7, 'Has multiple pets', 'Advertisement', TRUE),
(5, '56789012345', NULL, NULL, NULL, 'Email', 'Emergency Contact 5', '333-444-5555', 'B', 800.00, 0.00, 20, 'Sensitive pet', 'Social Media', TRUE),
(6, '67890123456', NULL, NULL, NULL, 'Phone', 'Emergency Contact 6', '666-777-8888', 'A', 1500.00, 0.00, 30, 'VIP client', 'Referral', TRUE),
(7, '78901234567', NULL, NULL, NULL, 'Email', 'Emergency Contact 7', '999-000-1111', 'B', 700.00, 20.00, 15, 'Always on time', 'Web Search', TRUE),
(8, '89012345678', NULL, NULL, NULL, 'Phone', 'Emergency Contact 8', '222-333-4444', 'C', 400.00, 80.00, 7, 'Needs reminders', 'Friend', TRUE),
(9, '90123456789', NULL, NULL, NULL, 'Email', 'Emergency Contact 9', '555-666-7777', 'A', 1100.00, 0.00, 30, 'Prefers specific vet', 'Advertisement', TRUE),
(10, '01234567890', NULL, NULL, NULL, 'Phone', 'Emergency Contact 10', '888-999-0000', 'B', 600.00, 10.00, 20, 'Travels frequently', 'Social Media', TRUE),
(11, '11234567890', NULL, NULL, NULL, 'Email', 'Emergency Contact 11', '111-111-1111', 'A', 900.00, 0.00, 30, 'Calm pets', 'Referral', TRUE),
(12, '18345678901', NULL, NULL, NULL, 'Phone', 'Emergency Contact 12', '222-222-2222', 'B', 450.00, 30.00, 15, 'Anxious pets', 'Web Search', TRUE),
(13, '13456789012', NULL, NULL, NULL, 'Email', 'Emergency Contact 13', '333-333-3333', 'A', 1300.00, 0.00, 30, 'Prefers evening appointments', 'Friend', TRUE),
(14, '14567890123', NULL, NULL, NULL, 'Phone', 'Emergency Contact 14', '444-444-4444', 'C', 250.00, 70.00, 7, 'Always brings treats', 'Advertisement', TRUE),
(15, '15678901234', NULL, NULL, NULL, 'Email', 'Emergency Contact 15', '555-555-5555', 'B', 750.00, 0.00, 20, 'Very organized', 'Social Media', TRUE),
(16, '16789012345', NULL, NULL, NULL, 'Phone', 'Emergency Contact 16', '666-666-6666', 'A', 1400.00, 0.00, 30, 'Loves to chat', 'Referral', TRUE),
(17, '17890123456', NULL, NULL, NULL, 'Email', 'Emergency Contact 17', '777-777-7777', 'B', 650.00, 15.00, 15, 'Quick visits', 'Web Search', TRUE),
(18, '18901234567', NULL, NULL, NULL, 'Phone', 'Emergency Contact 18', '888-888-8888', 'C', 350.00, 90.00, 7, 'Last minute appointments', 'Friend', TRUE),
(19, '19012345678', NULL, NULL, NULL, 'Email', 'Emergency Contact 19', '999-999-9999', 'A', 1050.00, 0.00, 30, 'Prefers online booking', 'Advertisement', TRUE),
(20, '20123456789', NULL, NULL, NULL, 'Phone', 'Emergency Contact 20', '000-000-0000', 'B', 550.00, 25.00, 20, 'Always asks questions', 'Social Media', TRUE),
(21, '21234567890', NULL, NULL, NULL, 'Email', 'Emergency Contact 21', '123-456-7890', 'A', 950.00, 0.00, 30, 'Very patient', 'Referral', TRUE),
(22, '22345678901', NULL, NULL, NULL, 'Phone', 'Emergency Contact 22', '987-654-3210', 'B', 400.00, 40.00, 15, 'Always on time', 'Web Search', TRUE),
(23, '23456789012', NULL, NULL, NULL, 'Email', 'Emergency Contact 23', '112-233-4455', 'A', 1150.00, 0.00, 30, 'Prefers specific vet', 'Friend', TRUE),
(24, '24567890123', NULL, NULL, NULL, 'Phone', 'Emergency Contact 24', '556-677-8899', 'C', 300.00, 60.00, 7, 'Has multiple pets', 'Advertisement', TRUE),
(25, '25678901234', NULL, NULL, NULL, 'Email', 'Emergency Contact 25', '667-788-9900', 'B', 850.00, 0.00, 20, 'Sensitive pet', 'Social Media', TRUE),
(26, '26789012345', NULL, NULL, NULL, 'Phone', 'Emergency Contact 26', '778-899-0011', 'A', 1600.00, 0.00, 30, 'VIP client', 'Referral', TRUE),
(27, '27890123456', NULL, NULL, NULL, 'Email', 'Emergency Contact 27', '889-900-1122', 'B', 700.00, 20.00, 15, 'Always on time', 'Web Search', TRUE),
(28, '28901234567', NULL, NULL, NULL, 'Phone', 'Emergency Contact 28', '990-011-2233', 'C', 400.00, 80.00, 7, 'Needs reminders', 'Friend', TRUE),
(29, '29012345678', NULL, NULL, NULL, 'Email', 'Emergency Contact 29', '001-122-3344', 'A', 1200.00, 0.00, 30, 'Prefers specific vet', 'Advertisement', TRUE),
(30, '30123456789', NULL, NULL, NULL, 'Phone', 'Emergency Contact 30', '112-233-4455', 'B', 600.00, 10.00, 20, 'Travels frequently', 'Social Media', TRUE),
(31, '31234567890', NULL, NULL, NULL, 'Email', 'Emergency Contact 31', '223-344-5566', 'A', 1000.00, 0.00, 30, 'Calm pets', 'Referral', TRUE),
(32, '32345678901', NULL, NULL, NULL, 'Phone', 'Emergency Contact 32', '334-455-6677', 'B', 500.00, 50.00, 15, 'Anxious pets', 'Web Search', TRUE),
(33, '33456789012', NULL, NULL, NULL, 'Email', 'Emergency Contact 33', '445-566-7788', 'A', 1300.00, 0.00, 30, 'Prefers evening appointments', 'Friend', TRUE),
(34, '84567890123', NULL, NULL, NULL, 'Phone', 'Emergency Contact 34', '556-677-8899', 'C', 300.00, 100.00, 7, 'Always brings treats', 'Advertisement', TRUE),
(35, '35678901234', NULL, NULL, NULL, 'Email', 'Emergency Contact 35', '667-788-9900', 'B', 800.00, 0.00, 20, 'Very organized', 'Social Media', TRUE),
(36, '36789012345', NULL, NULL, NULL, 'Phone', 'Emergency Contact 36', '778-899-0011', 'A', 1500.00, 0.00, 30, 'Loves to chat', 'Referral', TRUE),
(37, '37890123456', NULL, NULL, NULL, 'Email', 'Emergency Contact 37', '889-900-1122', 'B', 700.00, 20.00, 15, 'Quick visits', 'Web Search', TRUE),
(38, '38901234567', NULL, NULL, NULL, 'Phone', 'Emergency Contact 38', '990-011-2233', 'C', 400.00, 80.00, 7, 'Last minute appointments', 'Friend', TRUE),
(39, '39012345678', NULL, NULL, NULL, 'Email', 'Emergency Contact 39', '001-122-3344', 'A', 1100.00, 0.00, 30, 'Prefers online booking', 'Advertisement', TRUE),
(40, '40123456789', NULL, NULL, NULL, 'Phone', 'Emergency Contact 40', '112-233-4455', 'B', 600.00, 10.00, 20, 'Always asks questions', 'Social Media', TRUE);

-- Data for pets table (40 rows)
INSERT INTO pets (id, name, type, breed, birth_date, gender, active) VALUES
(1, 'Buddy', 'Dog', 'Golden Retriever', '2020-05-10', 'MALE', TRUE),
(2, 'Lucy', 'Cat', 'Siamese', '2021-01-15', 'FEMALE', TRUE),
(3, 'Max', 'Dog', 'German Shepherd', '2019-11-22', 'MALE', TRUE),
(4, 'Bella', 'Dog', 'Poodle', '2022-08-01', 'FEMALE', TRUE),
(5, 'Rocky', 'Dog', 'Boxer', '2018-03-12', 'MALE', TRUE),
(6, 'Misty', 'Cat', 'Persian', '2022-09-20', 'FEMALE', TRUE),
(7, 'Duke', 'Dog', 'Labrador', '2021-07-11', 'MALE', TRUE),
(8, 'Coco', 'Cat', 'Maine Coon', '2023-01-05', 'FEMALE', TRUE),
(9, 'Zeus', 'Dog', 'Great Dane', '2020-02-28', 'MALE', TRUE),
(10, 'Sasha', 'Dog', 'Siberian Husky', '2022-11-15', 'FEMALE', TRUE),
(11, 'Oliver', 'Cat', 'Domestic Shorthair', '2023-03-01', 'MALE', TRUE),
(12, 'Daisy', 'Dog', 'Beagle', '2022-04-10', 'FEMALE', TRUE),
(13, 'Leo', 'Cat', 'Ragdoll', '2021-05-20', 'MALE', TRUE),
(14, 'Zoe', 'Dog', 'Dachshund', '2020-06-30', 'FEMALE', TRUE),
(15, 'Milo', 'Cat', 'Bengal', '2023-07-01', 'MALE', TRUE),
(16, 'Ruby', 'Dog', 'Australian Shepherd', '2022-08-10', 'FEMALE', TRUE),
(17, 'Jasper', 'Cat', 'Sphynx', '2021-09-20', 'MALE', TRUE),
(18, 'Penny', 'Dog', 'Corgi', '2020-10-30', 'FEMALE', TRUE),
(19, 'Simba', 'Cat', 'Persian', '2023-11-01', 'MALE', TRUE),
(20, 'Luna', 'Dog', 'Golden Retriever', '2022-12-10', 'FEMALE', TRUE),
(21, 'Maxine', 'Dog', 'Pug', '2023-03-01', 'FEMALE', TRUE),
(22, 'Buddy Jr.', 'Cat', 'Tabby', '2022-04-10', 'MALE', TRUE),
(23, 'Charlie', 'Dog', 'Bulldog', '2021-05-20', 'MALE', TRUE),
(24, 'Daisy Mae', 'Cat', 'Calico', '2020-06-30', 'FEMALE', TRUE),
(25, 'Cooper', 'Dog', 'Shih Tzu', '2023-07-01', 'MALE', TRUE),
(26, 'Lucy Lu', 'Cat', 'Siamese', '2022-08-10', 'FEMALE', TRUE),
(27, 'Rocky Balboa', 'Dog', 'Rottweiler', '2021-09-20', 'MALE', TRUE),
(28, 'Molly', 'Cat', 'Persian', '2020-10-30', 'FEMALE', TRUE),
(29, 'Bear', 'Dog', 'Chihuahua', '2023-11-01', 'MALE', TRUE),
(30, 'Kitty', 'Cat', 'Domestic Longhair', '2022-12-10', 'FEMALE', TRUE),
(31, 'Shadow', 'Dog', 'Border Collie', '2019-02-01', 'MALE', TRUE),
(32, 'Cleo', 'Cat', 'Bengal', '2020-03-15', 'FEMALE', TRUE),
(33, 'Apollo', 'Dog', 'Doberman', '2021-04-20', 'MALE', TRUE),
(34, 'Willow', 'Cat', 'Ragdoll', '2022-05-25', 'FEMALE', TRUE),
(35, 'Gus', 'Dog', 'Basset Hound', '2018-06-30', 'MALE', TRUE),
(36, 'Hazel', 'Cat', 'Siberian', '2019-07-01', 'FEMALE', TRUE),
(37, 'Finn', 'Dog', 'Irish Setter', '2020-08-05', 'MALE', TRUE),
(38, 'Piper', 'Cat', 'Russian Blue', '2021-09-10', 'FEMALE', TRUE),
(39, 'Koda', 'Dog', 'Akita', '2022-10-15', 'MALE', TRUE),
(40, 'Nala', 'Cat', 'Abyssinian', '2023-11-20', 'FEMALE', TRUE);

-- Data for pet_owners table (40 rows)
INSERT INTO pet_owners (client_id, pet_id) VALUES
(1, 1), (1, 2), (2, 3), (2, 4), (3, 5), (3, 6), (4, 7), (4, 8), (5, 9), (5, 10),
(6, 11), (6, 12), (7, 13), (7, 14), (8, 15), (8, 16), (9, 17), (9, 18), (10, 19), (10, 20),
(11, 21), (11, 22), (12, 23), (12, 24), (13, 25), (13, 26), (14, 27), (14, 28), (15, 29), (15, 30),
(16, 31), (16, 32), (17, 33), (17, 34), (18, 35), (18, 36), (19, 37), (19, 38), (20, 39), (20, 40);

-- Data for medical_histories table (40 rows)
INSERT INTO medical_histories (id, pet_id, allergies, medications, vaccinations, surgeries, chronic_conditions, notes, created_at, updated_at, active) VALUES
(1, 1, 'Pollen', 'None', 'Up to date', 'None', 'None', 'Healthy and active.', NOW(), NOW(), TRUE),
(2, 2, 'None', 'Flea treatment', 'Up to date', 'Spayed', 'None', 'Sensitive stomach.', NOW(), NOW(), TRUE),
(3, 3, 'None', 'None', 'Up to date', 'None', 'Hip dysplasia', 'Requires joint supplements.', NOW(), NOW(), TRUE),
(4, 4, 'Chicken', 'None', 'Up to date', 'None', 'None', 'N/A', NOW(), NOW(), TRUE),
(5, 5, 'Grain', 'None', 'Up to date', 'None', 'None', 'Energetic.', NOW(), NOW(), TRUE),
(6, 6, 'None', 'Dewormer', 'Needs boosters', 'None', 'None', 'Shy but friendly.', NOW(), NOW(), TRUE),
(7, 7, 'Dust', 'Joint supplements', 'Up to date', 'None', 'Arthritis', 'Requires daily medication.', NOW(), NOW(), TRUE),
(8, 8, 'None', 'None', 'Up to date', 'None', 'None', 'Playful and curious.', NOW(), NOW(), TRUE),
(9, 9, 'Beef', 'None', 'Up to date', 'None', 'Sensitive skin', 'Needs special diet.', NOW(), NOW(), TRUE),
(10, 10, 'None', 'Heartworm prevention', 'Up to date', 'None', 'None', 'Very active.', NOW(), NOW(), TRUE),
(11, 11, 'None', 'None', 'Up to date', 'None', 'None', 'Loves to cuddle.', NOW(), NOW(), TRUE),
(12, 12, 'Grass', 'None', 'Up to date', 'None', 'Seasonal allergies', 'Sneezes in spring.', NOW(), NOW(), TRUE),
(13, 13, 'None', 'None', 'Needs boosters', 'None', 'None', 'Quiet and observant.', NOW(), NOW(), TRUE),
(14, 14, 'Pollen', 'None', 'Up to date', 'None', 'None', 'Very friendly.', NOW(), NOW(), TRUE),
(15, 15, 'None', 'None', 'Up to date', 'None', 'None', 'Always exploring.', NOW(), NOW(), TRUE),
(16, 16, 'Fleas', 'Flea prevention', 'Up to date', 'None', 'None', 'Loves to run.', NOW(), NOW(), TRUE),
(17, 17, 'None', 'None', 'Needs boosters', 'None', 'None', 'Very vocal.', NOW(), NOW(), TRUE),
(18, 18, 'Peanuts', 'None', 'Up to date', 'None', 'None', 'Enjoys walks.', NOW(), NOW(), TRUE),
(19, 19, 'None', 'None', 'Up to date', 'None', 'None', 'Calm and gentle.', NOW(), NOW(), TRUE),
(20, 20, 'Bee stings', 'None', 'Up to date', 'None', 'None', 'Loves to play fetch.', NOW(), NOW(), TRUE),
(21, 21, 'None', 'None', 'Up to date', 'None', 'None', 'Very playful.', NOW(), NOW(), TRUE),
(22, 22, 'Dust', 'None', 'Up to date', 'None', 'None', 'Loves to nap.', NOW(), NOW(), TRUE),
(23, 23, 'Pollen', 'None', 'Needs boosters', 'None', 'None', 'Friendly with everyone.', NOW(), NOW(), TRUE),
(24, 24, 'None', 'None', 'Up to date', 'None', 'None', 'Quiet and sweet.', NOW(), NOW(), TRUE),
(25, 25, 'Grass', 'None', 'Up to date', 'None', 'None', 'Loves attention.', NOW(), NOW(), TRUE),
(26, 26, 'None', 'None', 'Needs boosters', 'None', 'None', 'Very curious.', NOW(), NOW(), TRUE),
(27, 27, 'Fleas', 'None', 'Up to date', 'None', 'None', 'Protective.', NOW(), NOW(), TRUE),
(28, 28, 'None', 'None', 'Up to date', 'None', 'None', 'Loves to be groomed.', NOW(), NOW(), TRUE),
(29, 29, 'Peanuts', 'None', 'Needs boosters', 'None', 'None', 'Small but mighty.', NOW(), NOW(), TRUE),
(30, 30, 'None', 'None', 'Up to date', 'None', 'None', 'Very independent.', NOW(), NOW(), TRUE),
(31, 31, 'None', 'None', 'Up to date', 'None', 'None', 'Loves to explore.', NOW(), NOW(), TRUE),
(32, 32, 'Dust', 'None', 'Needs boosters', 'None', 'None', 'Very affectionate.', NOW(), NOW(), TRUE),
(33, 33, 'Pollen', 'None', 'Up to date', 'None', 'None', 'Energetic and playful.', NOW(), NOW(), TRUE),
(34, 34, 'None', 'None', 'Up to date', 'None', 'None', 'Calm and gentle.', NOW(), NOW(), TRUE),
(35, 35, 'Grass', 'None', 'Needs boosters', 'None', 'None', 'Loves to dig.', NOW(), NOW(), TRUE),
(36, 36, 'None', 'None', 'Up to date', 'None', 'None', 'Very agile.', NOW(), NOW(), TRUE),
(37, 37, 'Fleas', 'None', 'Up to date', 'None', 'None', 'Loves to retrieve.', NOW(), NOW(), TRUE),
(38, 38, 'None', 'None', 'Needs boosters', 'None', 'None', 'Very intelligent.', NOW(), NOW(), TRUE),
(39, 39, 'Peanuts', 'None', 'Up to date', 'None', 'None', 'Loyal and protective.', NOW(), NOW(), TRUE),
(40, 40, 'None', 'None', 'Up to date', 'None', 'None', 'Graceful and elegant.', NOW(), NOW(), TRUE);

-- Data for consultations table (10 rows)
INSERT INTO consultations (id, notes, diagnosis, treatment, prescription, consultation_date, pet_id, veterinarian_id, medical_history_id, created_at, updated_at, active) VALUES
(1, 'Annual check-up.', 'Healthy', 'N/A', 'N/A', '2024-06-01 10:00:00', 1, 2, 1, NOW(), NOW(), TRUE),
(2, 'Vomiting and lethargy.', 'Gastroenteritis', 'Fluid therapy and anti-nausea medication.', 'Metronidazole', '2024-06-15 11:30:00', 2, 2, 2, NOW(), NOW(), TRUE),
(3, 'Limps on right hind leg.', 'Mild arthritis', 'Pain medication and rest.', 'Carprofen', '2024-07-01 09:00:00', 3, 2, 3, NOW(), NOW(), TRUE),
(4, 'Skin rash and itching.', 'Allergic dermatitis', 'Antihistamines and topical cream.', 'Diphenhydramine', '2024-07-05 14:00:00', 4, 4, 4, NOW(), NOW(), TRUE),
(5, 'Coughing and sneezing.', 'Upper respiratory infection', 'Antibiotics and cough suppressant.', 'Amoxicillin', '2024-07-10 10:00:00', 5, 2, 5, NOW(), NOW(), TRUE),
(6, 'Loss of appetite.', 'Dental disease', 'Dental cleaning recommended.', 'N/A', '2024-07-12 11:00:00', 6, 4, 6, NOW(), NOW(), TRUE),
(7, 'Ear infection.', 'Otitis externa', 'Ear drops and cleaning.', 'Otomax', '2024-07-15 15:00:00', 7, 2, 7, NOW(), NOW(), TRUE),
(8, 'Weight loss.', 'Hyperthyroidism', 'Medication to regulate thyroid.', 'Methimazole', '2024-07-18 09:30:00', 8, 4, 8, NOW(), NOW(), TRUE),
(9, 'Lump on side.', 'Lipoma', 'Monitor, surgical removal if grows.', 'N/A', '2024-07-20 13:00:00', 9, 2, 9, NOW(), NOW(), TRUE),
(10, 'Eye discharge.', 'Conjunctivitis', 'Eye drops.', 'Tobramycin', '2024-07-22 10:00:00', 10, 4, 10, NOW(), NOW(), TRUE);

-- Data for appointments table (40 rows)
INSERT INTO appointments (id, start_appointment_date, end_appointment_date, service_type, status, reason, notes, client_id, pet_id, employee_id, created_at, updated_at, created_by, updated_by, guest_client_name, guest_client_phone, guest_client_email) VALUES
(1, '2024-07-10 10:00:00', '2024-07-10 10:30:00', 'Check-up', 'Scheduled', 'Annual check-up', 'N/A', 1, 1, 2, NOW(), NOW(), 'admin', NULL, NULL, NULL, NULL),
(2, '2024-07-11 14:00:00', '2024-07-11 14:45:00', 'Vaccination', 'Scheduled', 'Booster shots', 'Needs rabies and distemper.', 2, 3, 2, NOW(), NOW(), 'admin', NULL, NULL, NULL, NULL),
(3, '2024-07-12 09:00:00', '2024-07-12 10:00:00', 'Grooming', 'Scheduled', 'Full groom', 'Lion cut requested.', 1, 2, 3, NOW(), NOW(), 'admin', NULL, NULL, NULL, NULL),
(4, '2024-07-15 11:00:00', '2024-07-15 11:30:00', 'Emergency', 'Completed', 'Hit by car', 'X-rays taken.', 2, 4, 2, NOW(), NOW(), 'admin', NULL, NULL, NULL, NULL),
(5, '2024-07-16 10:00:00', '2024-07-16 10:30:00', 'Check-up', 'Scheduled', 'Itchy skin', 'N/A', 3, 5, 4, NOW(), NOW(), 'admin', NULL, NULL, NULL, NULL),
(6, '2024-07-17 11:00:00', '2024-07-17 11:45:00', 'Vaccination', 'Scheduled', 'Kitten shots', 'Needs FVRCP.', 4, 7, 4, NOW(), NOW(), 'admin', NULL, NULL, NULL, NULL),
(7, '2024-07-18 15:00:00', '2024-07-18 15:30:00', 'Consultation', 'Scheduled', 'Lethargic', 'N/A', 3, 6, 2, NOW(), NOW(), 'admin', NULL, NULL, NULL, NULL),
(8, '2024-07-19 09:30:00', '2024-07-19 10:30:00', 'Grooming', 'Scheduled', 'Matting removal', 'Full body shave.', 4, 8, 3, NOW(), NOW(), 'admin', NULL, NULL, NULL, NULL),
(9, '2024-07-20 12:00:00', '2024-07-20 12:45:00', 'Check-up', 'Scheduled', 'New patient exam', 'N/A', 5, 9, 4, NOW(), NOW(), 'admin', NULL, NULL, NULL, NULL),
(10, '2024-07-22 16:00:00', '2024-07-22 16:30:00', 'Emergency', 'Scheduled', 'Possible broken leg', 'X-rays needed.', 5, 10, 2, NOW(), NOW(), 'admin', NULL, NULL, NULL, NULL),
(11, '2024-07-23 09:00:00', '2024-07-23 09:30:00', 'Check-up', 'Scheduled', 'Routine check', 'N/A', 6, 11, 2, NOW(), NOW(), 'admin', NULL, NULL, NULL, NULL),
(12, '2024-07-24 10:00:00', '2024-07-24 10:45:00', 'Vaccination', 'Scheduled', 'Annual shots', 'Needs DHPP.', 7, 13, 4, NOW(), NOW(), 'admin', NULL, NULL, NULL, NULL),
(13, '2024-07-25 11:00:00', '2024-07-25 11:30:00', 'Consultation', 'Scheduled', 'Coughing', 'N/A', 6, 12, 2, NOW(), NOW(), 'admin', NULL, NULL, NULL, NULL),
(14, '2024-07-26 13:00:00', '2024-07-26 13:45:00', 'Grooming', 'Scheduled', 'Nail trim', 'Just nails.', 7, 14, 3, NOW(), NOW(), 'admin', NULL, NULL, NULL, NULL),
(15, '2024-07-27 14:00:00', '2024-07-27 14:30:00', 'Check-up', 'Scheduled', 'New pet exam', 'N/A', 8, 15, 4, NOW(), NOW(), 'admin', NULL, NULL, NULL, NULL),
(16, '2024-07-28 15:00:00', '2024-07-28 15:45:00', 'Emergency', 'Scheduled', 'Limping', 'Possible sprain.', 8, 16, 2, NOW(), NOW(), 'admin', NULL, NULL, NULL, NULL),
(17, '2024-07-29 16:00:00', '2024-07-29 16:30:00', 'Consultation', 'Scheduled', 'Skin rash', 'N/A', 9, 17, 4, NOW(), NOW(), 'admin', NULL, NULL, NULL, NULL),
(18, '2024-07-30 09:00:00', '2024-07-30 09:45:00', 'Vaccination', 'Scheduled', 'Rabies shot', 'N/A', 10, 19, 2, NOW(), NOW(), 'admin', NULL, NULL, NULL, NULL),
(19, '2024-07-31 10:00:00', '2024-07-31 10:30:00', 'Check-up', 'Scheduled', 'Annual check', 'N/A', 9, 18, 4, NOW(), NOW(), 'admin', NULL, NULL, NULL, NULL),
(20, '2024-08-01 11:00:00', '2024-08-01 11:45:00', 'Emergency', 'Scheduled', 'Ingested foreign object', 'Needs endoscopy.', 10, 20, 2, NOW(), NOW(), 'admin', NULL, NULL, NULL, NULL),
(21, '2024-08-02 09:00:00', '2024-08-02 09:30:00', 'Check-up', 'Scheduled', 'Routine check', 'N/A', 11, 21, 2, NOW(), NOW(), 'admin', NULL, NULL, NULL, NULL),
(22, '2024-08-03 10:00:00', '2024-08-03 10:45:00', 'Vaccination', 'Scheduled', 'Annual shots', 'Needs FVRCP.', 12, 23, 4, NOW(), NOW(), 'admin', NULL, NULL, NULL, NULL),
(23, '2024-08-04 11:00:00', '2024-08-04 11:30:00', 'Consultation', 'Scheduled', 'Coughing', 'N/A', 11, 22, 2, NOW(), NOW(), 'admin', NULL, NULL, NULL, NULL),
(24, '2024-08-05 13:00:00', '2024-08-05 13:45:00', 'Grooming', 'Scheduled', 'Nail trim', 'Just nails.', 12, 24, 3, NOW(), NOW(), 'admin', NULL, NULL, NULL, NULL),
(25, '2024-08-06 14:00:00', '2024-08-06 14:30:00', 'Check-up', 'Scheduled', 'New pet exam', 'N/A', 13, 25, 4, NOW(), NOW(), 'admin', NULL, NULL, NULL, NULL),
(26, '2024-08-07 15:00:00', '2024-08-07 15:45:00', 'Emergency', 'Scheduled', 'Limping', 'Possible sprain.', 14, 27, 2, NOW(), NOW(), 'admin', NULL, NULL, NULL, NULL),
(27, '2024-08-08 16:00:00', '2024-08-08 16:30:00', 'Consultation', 'Scheduled', 'Skin rash', 'N/A', 13, 26, 4, NOW(), NOW(), 'admin', NULL, NULL, NULL, NULL),
(28, '2024-08-09 09:00:00', '2024-08-09 09:45:00', 'Vaccination', 'Scheduled', 'Rabies shot', 'N/A', 14, 28, 2, NOW(), NOW(), 'admin', NULL, NULL, NULL, NULL),
(29, '2024-08-10 10:00:00', '2024-08-10 10:30:00', 'Check-up', 'Scheduled', 'Annual check', 'N/A', 15, 29, 4, NOW(), NOW(), 'admin', NULL, NULL, NULL, NULL),
(30, '2024-08-11 11:00:00', '2024-08-11 11:45:00', 'Emergency', 'Scheduled', 'Ingested foreign object', 'Needs endoscopy.', 15, 30, 2, NOW(), NOW(), 'admin', NULL, NULL, NULL, NULL),
(31, '2024-08-12 09:00:00', '2024-08-12 09:30:00', 'Check-up', 'Scheduled', 'Routine check', 'N/A', 16, 31, 2, NOW(), NOW(), 'admin', NULL, NULL, NULL, NULL),
(32, '2024-08-13 10:00:00', '2024-08-13 10:45:00', 'Vaccination', 'Scheduled', 'Annual shots', 'Needs DHPP.', 17, 33, 4, NOW(), NOW(), 'admin', NULL, NULL, NULL, NULL),
(33, '2024-08-14 11:00:00', '2024-08-14 11:30:00', 'Consultation', 'Scheduled', 'Coughing', 'N/A', 16, 32, 2, NOW(), NOW(), 'admin', NULL, NULL, NULL, NULL),
(34, '2024-08-15 13:00:00', '2024-08-15 13:45:00', 'Grooming', 'Scheduled', 'Nail trim', 'Just nails.', 17, 34, 3, NOW(), NOW(), 'admin', NULL, NULL, NULL, NULL),
(35, '2024-08-16 14:00:00', '2024-08-16 14:30:00', 'Check-up', 'Scheduled', 'New pet exam', 'N/A', 18, 35, 4, NOW(), NOW(), 'admin', NULL, NULL, NULL, NULL),
(36, '2024-08-17 15:00:00', '2024-08-17 15:45:00', 'Emergency', 'Scheduled', 'Limping', 'Possible sprain.', 19, 37, 2, NOW(), NOW(), 'admin', NULL, NULL, NULL, NULL),
(37, '2024-08-18 16:00:00', '2024-08-18 16:30:00', 'Consultation', 'Scheduled', 'Skin rash', 'N/A', 18, 36, 4, NOW(), NOW(), 'admin', NULL, NULL, NULL, NULL),
(38, '2024-08-19 09:00:00', '2024-08-19 09:45:00', 'Vaccination', 'Scheduled', 'Rabies shot', 'N/A', 19, 38, 2, NOW(), NOW(), 'admin', NULL, NULL, NULL, NULL),
(39, '2024-08-20 10:00:00', '2024-08-20 10:30:00', 'Check-up', 'Scheduled', 'Annual check', 'N/A', 20, 39, 4, NOW(), NOW(), 'admin', NULL, NULL, NULL, NULL),
(40, '2024-08-21 11:00:00', '2024-08-21 11:45:00', 'Emergency', 'Scheduled', 'Ingested foreign object', 'Needs endoscopy.', 20, 40, 2, NOW(), NOW(), 'admin', NULL, NULL, NULL, NULL);

-- Data for waiting_room table (10 rows)
INSERT INTO waiting_room (id, client_id, pet_id, arrival_time, status, reason_for_visit, priority, notes, consultation_started_at, completed_at) VALUES
(1, 1, 1, '2024-07-05 09:00:00', 'Waiting', 'Check-up', 'Low', 'N/A', NULL, NULL),
(2, 2, 3, '2024-07-05 09:15:00', 'Waiting', 'Vaccination', 'Medium', 'N/A', NULL, NULL),
(3, 3, 5, '2024-07-05 10:00:00', 'Waiting', 'Skin issue', 'Medium', 'N/A', NULL, NULL),
(4, 4, 7, '2024-07-05 10:05:00', 'With Veterinarian', 'Vaccination', 'Low', 'N/A', '2024-07-05 10:10:00', NULL),
(5, 5, 9, '2024-07-05 10:20:00', 'Waiting', 'Not eating', 'High', 'N/A', NULL, NULL),
(6, 6, 11, '2024-07-05 11:00:00', 'Waiting', 'Check-up', 'Low', 'N/A', NULL, NULL),
(7, 7, 13, '2024-07-05 11:15:00', 'Waiting', 'Vaccination', 'Medium', 'N/A', NULL, NULL),
(8, 8, 15, '2024-07-05 11:30:00', 'With Veterinarian', 'Cough', 'High', 'N/A', '2024-07-05 11:35:00', NULL),
(9, 9, 17, '2024-07-05 11:45:00', 'Waiting', 'Grooming', 'Low', 'N/A', NULL, NULL),
(10, 10, 19, '2024-07-05 12:00:00', 'Waiting', 'New pet', 'Medium', 'N/A', NULL, NULL);
